{"mean":{"confidence_interval":{"confidence_level":0.95,"lower_bound":-0.0047006350943643305,"upper_bound":0.0009037454675221088},"point_estimate":-0.0019496973386332606,"standard_error":0.00143312128987977},"median":{"confidence_interval":{"confidence_level":0.95,"lower_bound":-0.0035590920217186683,"upper_bound":0.006218089515239722},"point_estimate":-0.002938646414726409,"standard_error":0.00283229535414797}}