{"mean":{"confidence_interval":{"confidence_level":0.95,"lower_bound":23410939.97366666,"upper_bound":23415375.791833334},"point_estimate":23413130.54333333,"standard_error":1134.0752388169828},"median":{"confidence_interval":{"confidence_level":0.95,"lower_bound":23409160.666666668,"upper_bound":23415549.333333332},"point_estimate":23411774.666666664,"standard_error":2048.6801640599488},"median_abs_dev":{"confidence_interval":{"confidence_level":0.95,"lower_bound":8589.195847514973,"upper_bound":14665.631839631147},"point_estimate":11160.765501860486,"standard_error":1523.2717225446052},"slope":null,"std_dev":{"confidence_interval":{"confidence_level":0.95,"lower_bound":9717.955011009322,"upper_bound":12990.165531467379},"point_estimate":11389.732960458847,"standard_error":838.1111238089323}}