{"mean":{"confidence_interval":{"confidence_level":0.95,"lower_bound":7849651.647857146,"upper_bound":7856234.885285715},"point_estimate":7852874.8842857145,"standard_error":1676.7871364824443},"median":{"confidence_interval":{"confidence_level":0.95,"lower_bound":7846520.214285715,"upper_bound":7856566.714285715},"point_estimate":7849999.142857143,"standard_error":2432.345449320148},"median_abs_dev":{"confidence_interval":{"confidence_level":0.95,"lower_bound":13551.493259413099,"upper_bound":19621.495826648206},"point_estimate":16775.724602170565,"standard_error":1547.45781021867},"slope":null,"std_dev":{"confidence_interval":{"confidence_level":0.95,"lower_bound":13860.163208450822,"upper_bound":19642.459589697413},"point_estimate":16843.703544852015,"standard_error":1480.7225452635194}}