{"mean":{"confidence_interval":{"confidence_level":0.95,"lower_bound":-0.9977560353580528,"upper_bound":-0.9977546416139726},"point_estimate":-0.9977553942833034,"standard_error":3.6546898355769837e-7},"median":{"confidence_interval":{"confidence_level":0.95,"lower_bound":-0.9977564767872584,"upper_bound":-0.9977556384420972},"point_estimate":-0.9977559683298067,"standard_error":2.3088189597586807e-7}}