{"mean":{"confidence_interval":{"confidence_level":0.95,"lower_bound":427556751.03925,"upper_bound":439165321.6665},"point_estimate":432779301.8,"standard_error":2972054.0501603796},"median":{"confidence_interval":{"confidence_level":0.95,"lower_bound":424726242.5,"upper_bound":428870807.0},"point_estimate":425806215.0,"standard_error":1178637.5911888632},"median_abs_dev":{"confidence_interval":{"confidence_level":0.95,"lower_bound":6772166.044870019,"upper_bound":15891487.257769704},"point_estimate":13342132.881429791,"standard_error":2426611.5353633664},"slope":null,"std_dev":{"confidence_interval":{"confidence_level":0.95,"lower_bound":15575365.595427545,"upper_bound":42526459.28061687},"point_estimate":29710442.70118897,"standard_error":7059827.740489421}}