{"mean":{"confidence_interval":{"confidence_level":0.95,"lower_bound":-0.9821185519800931,"upper_bound":-0.9816328533866551},"point_estimate":-0.9818547817522134,"standard_error":0.00012389532891437363},"median":{"confidence_interval":{"confidence_level":0.95,"lower_bound":-0.981691894143046,"upper_bound":-0.9815100594165244},"point_estimate":-0.9815643857080453,"standard_error":0.00005131444164553721}}